City_ID,City,Country,Date,Lat,Lng,Max Temp,Humidity,Cloudiness,Wind Speed
0,Massakory,TD,2021-04-24 17:09:48,12.996,15.7293,101.93,9,100,5.48
1,Port Alfred,ZA,2021-04-24 17:09:49,-33.5906,26.891,68.38,84,51,10.87
2,Nizhnyaya Tavda,RU,2021-04-24 17:09:49,57.6731,66.1725,44.64,49,100,7.61
3,Punta Arenas,CL,2021-04-24 17:05:39,-53.15,-70.9167,50.0,76,96,5.75
4,Kemin,KG,2021-04-24 17:09:49,42.7846,75.6892,50.02,40,100,4.7
5,Otane,NZ,2021-04-24 17:09:50,-39.8833,176.6333,53.01,75,16,1.01
6,Karnobat,BG,2021-04-24 17:09:50,42.65,26.9833,57.2,87,75,10.36
7,Asau,RO,2021-04-24 17:06:40,46.4333,26.4,50.0,42,90,2.91
8,Cabo San Lucas,MX,2021-04-24 17:09:50,22.8909,-109.9124,80.01,41,1,8.05
9,Vostok,RU,2021-04-24 17:09:51,46.4856,135.8833,29.7,49,60,10.8
10,Belaya Gora,RU,2021-04-24 17:09:51,68.5333,146.4167,-7.92,100,94,3.58
11,Chuy,UY,2021-04-24 17:09:51,-33.6971,-53.4616,71.73,66,100,8.99
12,Chokurdakh,RU,2021-04-24 17:09:52,70.6333,147.9167,-15.02,99,17,4.21
13,Itarema,BR,2021-04-24 17:09:52,-2.9248,-39.9167,83.41,78,65,14.47
14,Albany,US,2021-04-24 17:05:07,42.6001,-73.9662,69.01,19,62,1.99
15,Kodiak,US,2021-04-24 17:08:11,57.79,-152.4072,41.0,87,90,5.75
16,Hobyo,SO,2021-04-24 17:09:53,5.3505,48.5268,84.25,69,37,13.62
17,Qaanaaq,GL,2021-04-24 17:09:53,77.484,-69.3632,28.08,65,100,8.46
18,Rocha,UY,2021-04-24 17:08:26,-34.4833,-54.3333,69.64,80,100,8.61
19,Shitanjing,CN,2021-04-24 17:09:53,39.2342,106.3439,42.71,92,100,6.17
20,Palimbang,PH,2021-04-24 17:09:54,6.2106,124.1894,79.45,77,81,4.63
21,Longyearbyen,SJ,2021-04-24 17:09:54,78.2186,15.6401,26.6,68,75,5.75
22,Barrow,US,2021-04-24 17:09:55,71.2906,-156.7887,19.4,86,1,3.44
23,Tessalit,ML,2021-04-24 17:09:55,20.1986,1.0114,101.64,4,0,11.07
24,Yellowknife,CA,2021-04-24 17:09:55,62.456,-114.3525,16.0,57,20,10.36
25,Gurupa,BR,2021-04-24 17:09:55,-1.405,-51.64,81.95,87,89,2.93
26,Mataura,NZ,2021-04-24 17:09:56,-46.1927,168.8643,48.0,78,57,7.0
27,Rikitea,PF,2021-04-24 17:09:46,-23.1203,-134.9692,78.6,71,100,15.43
28,Hithadhoo,MV,2021-04-24 17:09:56,-0.6,73.0833,83.53,69,41,6.62
29,Vaini,TO,2021-04-24 17:09:57,-21.2,-175.2,69.8,100,75,2.3
30,La Libertad,EC,2021-04-24 17:09:57,-2.2333,-80.9,80.6,74,0,8.05
31,San Patricio,US,2021-04-24 17:09:57,28.017,-97.5169,93.2,17,1,18.41
32,Tubuala,PA,2021-04-24 17:09:58,9.5167,-79.0333,87.8,62,40,3.44
33,Cayenne,GF,2021-04-24 17:09:58,4.9333,-52.3333,78.8,94,90,5.75
34,Ushuaia,AR,2021-04-24 17:05:38,-54.8,-68.3,55.4,58,40,16.11
35,Bluff,NZ,2021-04-24 17:09:58,-46.6,168.3333,48.0,78,82,7.0
36,Severo-Kurilsk,RU,2021-04-24 17:09:59,50.6789,156.125,35.01,94,100,5.99
37,Thompson,CA,2021-04-24 17:09:59,55.7435,-97.8558,21.2,49,75,2.3
38,Mareeba,AU,2021-04-24 17:09:59,-17.0,145.4333,75.2,94,90,10.36
39,Puerto Ayora,EC,2021-04-24 17:10:00,-0.7393,-90.3518,82.4,74,75,12.66
40,Hilo,US,2021-04-24 17:05:32,19.7297,-155.09,69.8,83,90,4.61
41,Kalmunai,LK,2021-04-24 17:10:00,7.4167,81.8167,81.12,73,30,4.25
42,Okhotsk,RU,2021-04-24 17:10:00,59.3833,143.3,14.34,72,67,15.32
43,Sao Filipe,CV,2021-04-24 17:10:01,14.8961,-24.4956,72.25,73,50,13.22
44,Ketchikan,US,2021-04-24 17:06:44,55.3422,-131.6461,48.2,57,1,6.91
45,Port Moresby,PG,2021-04-24 17:06:37,-9.4431,147.1797,75.2,94,75,8.05
46,Coihaique,CL,2021-04-24 17:10:01,-45.5752,-72.0662,53.6,76,90,3.44
47,Pingxiang,CN,2021-04-24 17:10:15,27.6167,113.85,60.48,98,100,3.96
48,Meulaboh,ID,2021-04-24 17:10:16,4.1363,96.1285,76.19,86,100,3.71
49,Kupang,ID,2021-04-24 17:10:16,-10.1667,123.5833,76.44,86,8,8.41
50,Ancud,CL,2021-04-24 17:06:55,-41.8697,-73.8203,63.0,77,75,10.36
51,Griffith,US,2021-04-24 17:10:16,41.5284,-87.4237,51.01,100,90,3.67
52,Bengkulu,ID,2021-04-24 17:06:05,-3.8004,102.2655,76.32,87,100,4.54
53,Dromolaxia,CY,2021-04-24 17:10:17,34.8761,33.586,78.8,36,0,6.91
54,Vila Franca Do Campo,PT,2021-04-24 17:10:17,37.7167,-25.4333,59.0,88,75,14.97
55,Saskylakh,RU,2021-04-24 17:10:18,71.9167,114.0833,32.47,93,100,13.85
56,Grindavik,IS,2021-04-24 17:10:18,63.8424,-22.4338,46.4,87,90,23.02
57,Codrington,AU,2021-04-24 17:10:18,-38.2667,141.9667,50.61,91,100,6.46
58,Vardo,NO,2021-04-24 17:10:19,70.3705,31.1107,33.58,93,100,23.62
59,Narsaq,GL,2021-04-24 17:10:19,60.9167,-46.05,59.0,29,75,25.32
60,New Norfolk,AU,2021-04-24 17:10:19,-42.7826,147.0587,48.99,81,100,1.99
61,Constitucion,CL,2021-04-24 17:10:20,-35.3333,-72.4167,65.17,55,0,13.49
62,Iracoubo,GF,2021-04-24 17:10:20,5.4802,-53.2011,78.85,88,100,11.3
63,Souillac,MU,2021-04-24 17:10:20,-20.5167,57.5167,78.8,83,75,12.66
64,Jamestown,US,2021-04-24 17:06:53,42.097,-79.2353,61.0,33,1,8.05
65,Kaitangata,NZ,2021-04-24 17:10:21,-46.2817,169.8464,44.01,89,47,1.99
66,Saint-Philippe,RE,2021-04-24 17:10:21,-21.3585,55.7679,77.0,88,87,28.77
67,Eyl,SO,2021-04-24 17:10:21,7.9803,49.8164,83.5,72,20,8.86
68,Bredasdorp,ZA,2021-04-24 17:10:22,-34.5322,20.0403,60.8,77,95,3.44
69,Guerrero Negro,MX,2021-04-24 17:06:49,27.9769,-114.0611,64.8,62,30,13.94
70,Solnechnyy,RU,2021-04-24 17:10:22,50.7214,136.6319,30.09,73,98,9.4
71,Viedma,AR,2021-04-24 17:10:22,-40.8135,-62.9967,62.73,54,88,18.68
72,Onega,RU,2021-04-24 17:10:23,63.9061,38.1404,44.73,87,100,1.25
73,Mafeteng,LS,2021-04-24 17:10:23,-29.823,27.2374,53.47,17,0,4.83
74,Hay River,CA,2021-04-24 17:09:17,60.8156,-115.7999,19.4,68,99,8.05
75,Victor Harbor,AU,2021-04-24 17:10:23,-35.5667,138.6167,59.0,84,21,4.32
76,Port Elizabeth,ZA,2021-04-24 17:10:24,-33.918,25.5701,59.0,94,0,8.05
77,Rawson,AR,2021-04-24 17:10:24,-43.3002,-65.1023,58.87,50,5,0.83
78,Opuwo,NA,2021-04-24 17:10:24,-18.0607,13.84,73.81,30,60,6.4
79,Xingyi,CN,2021-04-24 17:10:25,24.1877,102.817,65.44,29,15,2.42
80,Tuktoyaktuk,CA,2021-04-24 17:10:25,69.4541,-133.0374,17.6,79,75,4.61
81,Cherskiy,RU,2021-04-24 17:10:25,68.75,161.3,19.18,96,100,4.09
82,Mattru,SL,2021-04-24 17:10:26,7.6244,-11.8332,89.31,55,63,7.94
83,Caconda,AO,2021-04-24 17:10:26,-13.7333,15.0667,64.8,63,84,4.61
84,Norman Wells,CA,2021-04-24 17:10:26,65.282,-126.8329,28.4,54,75,3.44
85,Ponta Do Sol,PT,2021-04-24 17:10:27,32.6667,-17.1,66.2,63,40,5.75
86,Khatanga,RU,2021-04-24 17:10:27,71.9667,102.5,32.34,97,100,16.42
87,Humboldt,US,2021-04-24 17:10:27,40.6665,-123.9178,52.0,93,75,9.22
88,Manakara,MG,2021-04-24 17:10:28,-22.1333,48.0167,71.62,89,7,1.74
89,Hobart,AU,2021-04-24 17:10:28,-42.8794,147.3294,48.99,81,96,6.91
90,Iguatu,BR,2021-04-24 17:10:28,-6.3594,-39.2986,86.07,57,99,4.23
91,Castro,BR,2021-04-24 17:10:29,-24.7911,-50.0119,74.52,48,18,5.19
92,Butler,US,2021-04-24 17:09:13,39.4501,-84.5666,54.0,71,90,5.75
93,Alice Springs,AU,2021-04-24 17:10:29,-23.7,133.8833,50.0,66,1,8.08
94,Iqaluit,CA,2021-04-24 17:10:30,63.7506,-68.5145,35.6,75,75,9.22
95,Lompoc,US,2021-04-24 17:10:30,34.6391,-120.4579,53.6,71,11,8.05
96,Esperance,AU,2021-04-24 17:10:30,-33.8667,121.9,59.0,77,98,11.5
97,Ballina,AU,2021-04-24 17:10:30,-28.8667,153.5667,55.0,94,90,5.82
98,Hermanus,ZA,2021-04-24 17:10:31,-34.4187,19.2345,64.0,78,97,1.99
99,Chanika,TZ,2021-04-24 17:09:15,-5.4167,38.0167,69.33,97,24,2.66
100,Shubarshi,KZ,2021-04-24 17:10:31,48.5872,57.1869,47.66,73,73,6.29
101,Haines Junction,CA,2021-04-24 17:06:43,60.7522,-137.5108,32.0,64,13,2.66
102,Kapaa,US,2021-04-24 17:10:32,22.0752,-159.319,73.99,73,75,17.27
103,Komsomolskiy,UZ,2021-04-24 17:10:32,40.4272,71.7189,66.2,32,100,4.61
104,Butaritari,KI,2021-04-24 17:10:32,3.0707,172.7902,82.15,73,99,9.26
105,Teya,RU,2021-04-24 17:10:33,60.3778,92.6267,33.08,98,100,0.72
106,San Francisco,US,2021-04-24 17:08:40,37.7749,-122.4194,55.99,67,75,3.44
107,Yulara,AU,2021-04-24 17:10:33,-25.2406,130.9889,55.4,54,49,5.75
108,Suwannaphum,TH,2021-04-24 17:10:34,15.6035,103.8021,89.01,63,91,12.3
109,Clyde River,CA,2021-04-24 17:10:34,70.4692,-68.5914,15.8,92,75,5.75
110,Lavrentiya,RU,2021-04-24 17:10:34,65.5833,-171.0,23.0,95,91,2.57
111,Ejea De Los Caballeros,ES,2021-04-24 17:09:23,42.1263,-1.1372,68.0,34,100,17.27
112,Cape Town,ZA,2021-04-24 17:06:03,-33.9258,18.4232,64.0,72,0,13.8
113,Marmora,IT,2021-04-24 17:10:35,44.4583,7.094,72.0,42,98,4.61
114,Bethel,US,2021-04-24 17:10:35,41.3712,-73.414,69.01,24,1,5.75
115,Buraydah,SA,2021-04-24 17:10:36,26.326,43.975,93.2,15,20,6.91
116,Provideniya,RU,2021-04-24 17:10:36,64.3833,-173.3,31.96,92,81,1.39
117,Qujing,CN,2021-04-24 17:10:36,25.4833,103.7833,61.68,61,4,5.48
118,Deputatskiy,RU,2021-04-24 17:10:37,69.3,139.9,1.67,87,99,4.25
119,Conde,BR,2021-04-24 17:10:37,-7.2597,-34.9075,86.0,66,40,10.36
120,Jacarezinho,BR,2021-04-24 17:10:37,-23.1606,-49.9694,84.11,34,40,1.28
121,Pallasovka,RU,2021-04-24 17:10:38,50.05,46.8833,50.04,76,67,17.47
122,Tura,IN,2021-04-24 17:10:38,25.5198,90.2201,78.15,29,65,4.32
123,Arraial Do Cabo,BR,2021-04-24 17:10:38,-22.9661,-42.0278,78.8,73,20,10.36
124,Hokitika,NZ,2021-04-24 17:10:39,-42.7167,170.9667,47.98,85,23,3.29
125,Varzea Da Palma,BR,2021-04-24 17:10:39,-17.5981,-44.7308,92.12,22,9,4.34
126,Mongo,TD,2021-04-24 17:10:39,12.1844,18.693,99.25,15,100,10.02
127,Busselton,AU,2021-04-24 17:10:39,-33.65,115.3333,53.01,88,1,1.16
128,Krasnoselkup,RU,2021-04-24 17:10:40,65.7,82.4667,33.46,98,100,7.67
129,Te Anau,NZ,2021-04-24 17:10:40,-45.4167,167.7167,46.44,94,88,8.39
130,Dikson,RU,2021-04-24 17:10:40,73.5069,80.5464,13.96,85,100,18.45
131,Kautokeino,NO,2021-04-24 17:10:41,69.0125,23.0412,26.37,78,100,18.14
132,Alofi,NU,2021-04-24 17:10:41,-19.0595,-169.9187,73.4,94,64,1.14
133,Berdigestyakh,RU,2021-04-24 17:10:41,62.0989,126.6992,26.69,97,92,5.14
134,Xapuri,BR,2021-04-24 17:10:42,-10.6517,-68.5044,87.8,70,75,13.8
135,Mar Del Plata,AR,2021-04-24 17:09:38,-38.0023,-57.5575,68.0,60,40,16.11
136,Upernavik,GL,2021-04-24 17:10:42,72.7868,-56.1549,34.43,86,32,2.86
137,Paamiut,GL,2021-04-24 17:10:42,61.994,-49.6678,37.35,76,47,11.36
138,Avarua,CK,2021-04-24 17:10:43,-21.2078,-159.775,78.8,78,40,12.66
139,Van,TR,2021-04-24 17:10:43,38.4924,43.3831,51.8,71,0,4.61
140,Fortuna,US,2021-04-24 17:10:43,40.5982,-124.1573,52.0,93,75,9.22
141,East London,ZA,2021-04-24 17:10:44,-33.0153,27.9116,64.4,88,0,4.61
142,Zapolyarnyy,RU,2021-04-24 17:10:44,69.4154,30.8136,30.2,100,90,16.11
143,Lazaro Cardenas,MX,2021-04-24 17:07:13,17.9583,-102.2,85.33,49,99,6.55
144,Egvekinot,RU,2021-04-24 17:10:45,66.3167,-179.1667,20.37,88,100,1.74
145,Atyrau,KZ,2021-04-24 17:10:45,47.1167,51.8833,57.2,82,0,11.18
146,Viransehir,TR,2021-04-24 17:10:45,37.2353,39.7631,69.19,26,4,0.96
147,Belmonte,BR,2021-04-24 17:10:46,-15.8631,-38.8828,82.4,69,40,13.8
148,Matara,LK,2021-04-24 17:10:46,5.9485,80.5353,78.64,87,80,3.58
149,Lasa,IT,2021-04-24 17:10:46,46.6166,10.7002,71.6,31,0,8.05
150,Narasannapeta,IN,2021-04-24 17:10:47,18.4167,84.05,81.03,82,7,5.41
151,Realeza,BR,2021-04-24 17:10:47,-25.7689,-53.5325,63.73,95,100,2.01
152,Blagoveshchenka,RU,2021-04-24 17:10:48,52.8333,79.8667,40.77,48,5,3.96
153,Flagstaff,US,2021-04-24 17:10:06,35.1981,-111.6513,59.0,26,1,21.85
154,Srivardhan,IN,2021-04-24 17:10:48,18.0333,73.0167,81.19,73,10,8.77
155,Rieti,IT,2021-04-24 17:10:48,42.4072,12.8592,71.6,20,0,5.75
156,Atuona,PF,2021-04-24 17:10:49,-9.8,-139.0333,80.42,75,36,21.56
157,Zunyi,CN,2021-04-24 17:10:49,27.6867,106.9072,60.64,89,98,8.23
158,Chernyshevskiy,RU,2021-04-24 17:10:49,63.0128,112.4714,25.9,97,93,2.21
159,Sitka,US,2021-04-24 17:06:57,57.0531,-135.33,51.8,37,1,3.8
160,Ratnagiri,IN,2021-04-24 17:10:50,16.9833,73.3,81.79,70,1,9.82
161,Kahului,US,2021-04-24 17:10:50,20.8947,-156.47,71.6,94,40,16.11
162,Maragogi,BR,2021-04-24 17:10:50,-9.0122,-35.2225,83.25,70,7,9.6
163,Bocas Del Toro,PA,2021-04-24 17:10:51,9.3333,-82.25,73.99,43,87,5.99
164,Wilmington,US,2021-04-24 17:09:46,34.2257,-77.9447,70.0,52,75,14.97
165,Derzhavinsk,KZ,2021-04-24 17:10:51,51.1,66.3167,47.68,45,100,16.49
166,Zhob,PK,2021-04-24 17:10:52,31.3411,69.4481,71.55,30,1,0.89
167,Isangel,VU,2021-04-24 17:10:52,-19.55,169.2667,77.34,82,83,10.45
168,Marawi,PH,2021-04-24 17:10:52,7.9986,124.2928,77.0,89,46,4.0
169,San Juan,AR,2021-04-24 17:10:53,-31.5375,-68.5364,71.74,33,0,5.99
170,Kargil,IN,2021-04-24 17:10:53,34.5667,76.1,32.43,38,3,4.5
171,Benjamin Constant,BR,2021-04-24 17:10:53,-4.3831,-70.0311,87.8,70,75,5.75
172,Ciamis,ID,2021-04-24 17:10:54,-7.3257,108.3534,72.39,95,74,1.54
173,Sigli,ID,2021-04-24 17:10:54,5.3848,95.9609,78.94,79,100,4.79
174,Myitkyina,MM,2021-04-24 17:08:06,25.3833,97.4,78.1,36,12,2.15
175,Kruisfontein,ZA,2021-04-24 17:10:54,-34.0033,24.7314,60.01,91,93,1.99
176,Walvis Bay,NA,2021-04-24 17:10:55,-22.9575,14.5053,66.2,68,21,13.8
177,Broken Hill,AU,2021-04-24 17:10:55,-31.95,141.4333,53.6,62,0,5.75
178,Salalah,OM,2021-04-24 17:09:39,17.0151,54.0924,82.53,73,19,7.56
179,Sola,VU,2021-04-24 17:10:56,-13.8833,167.55,81.93,76,94,14.16
180,Sudak,UA,2021-04-24 17:10:56,44.85,34.9667,51.03,69,61,3.69
181,Beringovskiy,RU,2021-04-24 17:10:56,63.05,179.3167,27.95,98,96,3.36
182,San Juan Bautista,PE,2021-04-24 17:10:56,-14.0108,-75.7358,70.0,83,0,9.22
183,Faya,SA,2021-04-24 17:10:57,18.3851,42.4509,64.4,77,75,5.75
184,Kon Tum,VN,2021-04-24 17:10:57,14.35,108.0,72.5,93,60,1.01
185,Bilma,NE,2021-04-24 17:10:57,18.6853,12.9164,100.76,6,36,9.22
186,Mahebourg,MU,2021-04-24 17:10:58,-20.4081,57.7,78.8,89,75,14.97
187,Aswan,EG,2021-04-24 17:10:58,24.0934,32.907,94.12,10,0,15.35
188,Severnyy,RU,2021-04-24 17:10:59,50.677,36.5532,37.4,81,40,8.95
189,Tuatapere,NZ,2021-04-24 17:10:59,-46.1333,167.6833,48.0,78,88,7.0
190,Tiksi,RU,2021-04-24 17:10:59,71.6872,128.8694,30.85,93,100,12.73
191,Emba,KZ,2021-04-24 17:11:00,48.8264,58.1442,48.25,71,73,10.83
192,Nekhayevskiy,RU,2021-04-24 17:11:00,50.4106,41.7561,44.01,73,81,9.08
193,Lebu,CL,2021-04-24 17:11:00,-37.6167,-73.65,57.94,69,2,16.64
194,Mount Isa,AU,2021-04-24 17:11:00,-20.7333,139.5,71.6,30,7,6.91
195,Bonavista,CA,2021-04-24 17:11:01,48.6499,-53.1147,50.0,50,56,13.8
196,Comodoro Rivadavia,AR,2021-04-24 17:06:58,-45.8667,-67.5,62.6,51,0,10.36
197,Ostrovnoy,RU,2021-04-24 17:11:01,68.0531,39.5131,36.54,99,100,1.66
198,Tingo Maria,PE,2021-04-24 17:11:02,-9.2895,-76.0088,80.6,74,20,2.3
199,Victoria,HK,2021-04-24 17:09:44,22.2855,114.1577,77.0,86,37,9.42
200,Tasiilaq,GL,2021-04-24 17:11:02,65.6145,-37.6368,35.6,80,75,10.36
201,Port Blair,IN,2021-04-24 17:11:02,11.6667,92.75,82.22,71,34,8.19
202,Tazovskiy,RU,2021-04-24 17:11:03,67.4667,78.7,31.59,92,100,9.86
203,San Quintin,MX,2021-04-24 17:11:03,30.4833,-115.95,62.33,68,37,12.26
204,Whitecourt,CA,2021-04-24 17:11:03,54.1502,-115.6855,33.8,44,20,3.44
205,Hatillo,PR,2021-04-24 17:11:04,18.4863,-66.8254,87.01,65,40,17.27
206,Gibsons,CA,2021-04-24 17:11:04,49.3997,-123.5027,48.99,100,100,1.14
207,Olafsvik,IS,2021-04-24 17:11:04,64.8945,-23.7142,44.46,90,100,13.98
208,Moa,CU,2021-04-24 17:11:05,20.6569,-74.9403,85.19,60,10,14.0
209,Kungurtug,RU,2021-04-24 17:11:05,50.5994,97.5228,21.18,94,97,1.9
210,Nabire,ID,2021-04-24 17:11:05,-3.3667,135.4833,73.99,96,100,2.28
211,Alta Floresta,BR,2021-04-24 17:11:06,-9.8756,-56.0861,81.93,76,61,4.14
212,Alcala La Real,ES,2021-04-24 17:11:06,37.4614,-3.923,66.99,55,90,9.22
213,Ulaangom,MN,2021-04-24 17:11:06,49.9811,92.0667,36.84,35,90,10.58
214,Vieux-Habitants,GP,2021-04-24 17:11:07,16.0589,-61.7659,86.0,54,40,17.27
215,Mari,BR,2021-04-24 17:11:07,-7.06,-35.3194,86.0,66,40,10.36
216,Padang,ID,2021-04-24 17:11:07,-0.9492,100.3543,78.1,87,99,3.11
217,Rawicz,PL,2021-04-24 17:11:08,51.6095,16.8585,51.01,50,96,11.99
218,Hohhot,CN,2021-04-24 17:11:08,40.8106,111.6522,57.2,51,0,4.47
219,Christchurch,NZ,2021-04-24 17:11:09,-43.5333,172.6333,46.99,100,90,3.44
220,Namibe,AO,2021-04-24 17:11:09,-15.1961,12.1522,80.04,74,64,10.65
221,Rovaniemi,FI,2021-04-24 17:10:27,66.5,25.7167,32.0,86,90,11.5
222,Aksarka,RU,2021-04-24 17:11:09,66.5606,67.7975,32.5,93,84,6.71
223,Manhush,UA,2021-04-24 17:11:10,47.0558,37.3107,54.0,100,74,5.99
224,Cidreira,BR,2021-04-24 17:11:10,-30.1811,-50.2056,75.85,62,25,11.54
225,Goderich,CA,2021-04-24 17:11:10,43.7501,-81.7165,55.4,41,81,10.36
226,Okha,RU,2021-04-24 17:11:11,53.5739,142.9478,24.12,87,46,9.95
227,Sinnamary,GF,2021-04-24 17:11:11,5.3833,-52.95,79.23,87,100,11.54
228,Camacha,PT,2021-04-24 17:11:11,33.0833,-16.3333,66.2,63,20,16.11
229,Cairns,AU,2021-04-24 17:11:12,-16.9167,145.7667,75.2,94,90,10.36
230,Ukiah,US,2021-04-24 17:11:12,39.1502,-123.2078,55.0,66,90,5.75
231,Morant Bay,JM,2021-04-24 17:11:12,17.8815,-76.4093,86.0,66,40,14.97
232,Tautira,PF,2021-04-24 17:11:13,-17.7333,-149.15,77.0,78,75,2.3
233,Road Town,VG,2021-04-24 17:11:13,18.4167,-64.6167,82.4,69,40,10.36
234,Saint George,US,2021-04-24 17:11:01,37.1041,-113.5841,75.99,17,1,11.5
235,Richards Bay,ZA,2021-04-24 17:11:14,-28.783,32.0377,69.37,85,85,12.88
236,Port Hardy,CA,2021-04-24 17:11:14,50.6996,-127.4199,46.4,93,90,2.3
237,Dudinka,RU,2021-04-24 17:11:14,69.4058,86.1778,31.6,97,98,15.28
238,Ibanda,TZ,2021-04-24 17:11:15,-2.7974,32.4746,78.8,69,20,2.73
239,Buta,CD,2021-04-24 17:11:15,2.7858,24.73,73.11,92,100,2.57
240,Ossora,RU,2021-04-24 17:11:15,59.2353,163.0719,29.79,98,100,3.0
241,Oistins,BB,2021-04-24 17:10:48,13.0667,-59.5333,86.0,51,20,20.71
242,Laurel,US,2021-04-24 17:11:16,39.0993,-76.8483,66.0,22,1,5.75
243,Klaksvik,FO,2021-04-24 17:11:16,62.2266,-6.589,51.8,50,87,3.44
244,Inhambane,MZ,2021-04-24 17:11:16,-23.865,35.3833,77.0,69,20,9.69
245,Tikhvin,RU,2021-04-24 17:11:17,59.6451,33.5294,39.99,75,100,4.81
246,Yumen,CN,2021-04-24 17:11:17,40.2833,97.2,52.41,27,100,11.3
247,Nikolskoye,RU,2021-04-24 17:11:17,59.7035,30.7861,42.8,56,20,4.47
248,Georgetown,MY,2021-04-24 17:11:17,5.4112,100.3354,82.99,78,20,3.44
249,Saint Anthony,US,2021-04-24 17:11:18,45.0205,-93.218,39.99,70,90,12.66
250,Vaitape,PF,2021-04-24 17:11:18,-16.5167,-151.75,79.75,75,100,8.41
251,Lamar,US,2021-04-24 17:11:19,33.6668,-95.5836,66.99,72,90,14.97
252,Fort Nelson,CA,2021-04-24 17:11:19,58.8053,-122.7002,32.0,55,20,3.44
253,Pinega,RU,2021-04-24 17:11:19,64.7001,43.3936,52.34,55,100,8.43
254,Labuhan,ID,2021-04-24 17:11:20,-6.8844,112.2051,78.53,82,75,6.2
255,Torbay,CA,2021-04-24 17:11:20,47.6666,-52.7314,50.0,43,75,23.02
256,Mangrol,IN,2021-04-24 17:11:20,21.1167,70.1167,81.05,81,100,13.0
257,Kushima,JP,2021-04-24 17:11:21,31.4583,131.2333,57.78,86,24,5.79
258,Chateaubelair,VC,2021-04-24 17:11:21,13.2833,-61.25,84.2,65,40,10.36
259,Oga,IT,2021-04-24 17:11:21,46.4631,10.347,59.0,37,0,3.44
260,Airai,TL,2021-04-24 17:11:22,-8.9266,125.4092,57.0,90,50,2.35
261,Borogontsy,RU,2021-04-24 17:11:22,62.6683,131.1683,4.84,99,83,3.31
262,Kuryk,KZ,2021-04-24 17:11:22,43.2,51.65,61.88,47,28,8.55
263,Huarmey,PE,2021-04-24 17:11:23,-10.0681,-78.1522,72.64,74,5,11.32
264,Marsaxlokk,MT,2021-04-24 17:11:23,35.8419,14.5431,64.4,55,0,8.05
265,Kuching,MY,2021-04-24 17:11:23,1.55,110.3333,77.0,88,40,1.14
266,Nemuro,JP,2021-04-24 17:11:23,43.3236,145.575,38.73,95,100,10.54
267,Severo-Yeniseyskiy,RU,2021-04-24 17:11:24,60.3725,93.0408,29.86,98,100,0.81
268,Pryazha,RU,2021-04-24 17:11:24,61.6926,33.6216,42.8,75,100,6.71
269,Los Llanos De Aridane,ES,2021-04-24 17:11:24,28.6585,-17.9182,71.6,64,40,8.05
270,Sorland,NO,2021-04-24 17:11:25,67.667,12.6934,36.34,70,98,26.44
271,Rundu,NA,2021-04-24 17:11:25,-17.9333,19.7667,69.64,29,0,3.71
272,Ribeira Grande,PT,2021-04-24 17:11:25,38.5167,-28.7,60.8,67,75,16.11
273,Islamkot,PK,2021-04-24 17:11:26,24.6997,70.177,88.14,39,75,9.35
274,Pitimbu,BR,2021-04-24 17:11:26,-7.4706,-34.8086,86.0,66,40,10.36
275,Rassvet,RU,2021-04-24 17:11:26,46.8333,40.75,46.87,66,4,8.86
276,Smithers,CA,2021-04-24 17:11:27,54.7804,-127.1743,44.6,39,20,8.05
277,Seevetal,DE,2021-04-24 17:11:27,53.4,9.9667,51.01,53,36,19.57
278,Umm Lajj,SA,2021-04-24 17:11:27,25.0213,37.2685,82.45,53,0,5.14
279,Mecca,SA,2021-04-24 17:11:28,21.4267,39.8261,89.2,29,22,5.44
280,Luderitz,NA,2021-04-24 17:11:28,-26.6481,15.1594,64.08,79,1,6.51
281,Amahai,ID,2021-04-24 17:11:28,-3.3333,128.9167,78.62,82,95,2.48
282,Tarko-Sale,RU,2021-04-24 17:11:29,64.9225,77.785,35.01,89,100,6.42
283,Honiara,SB,2021-04-24 17:11:29,-9.4333,159.95,77.67,83,56,2.95
284,Nordhorn,DE,2021-04-24 17:11:29,52.4333,7.0833,52.0,52,100,3.0
285,Kromy,RU,2021-04-24 17:11:30,52.6876,35.7667,37.45,72,98,14.72
286,Portland,US,2021-04-24 17:06:44,45.5234,-122.6762,48.99,81,90,9.22
287,Honningsvag,NO,2021-04-24 17:11:30,70.9821,25.9704,33.39,91,100,20.36
288,Warmbad,NA,2021-04-24 17:11:31,-28.45,18.7333,82.17,16,3,7.65
289,Chapais,CA,2021-04-24 17:11:31,49.7834,-74.8492,46.4,36,1,9.22
290,Bensonville,LR,2021-04-24 17:11:31,6.4461,-10.6125,89.6,66,75,9.22
291,Chakwal,PK,2021-04-24 17:08:17,32.9334,72.8585,72.68,26,17,5.75
292,Clemencia,CO,2021-04-24 17:11:32,10.5665,-75.325,91.4,66,40,8.05
293,Bonthe,SL,2021-04-24 17:11:32,7.5264,-12.505,86.76,60,41,12.73
294,Bella Union,UY,2021-04-24 17:11:33,-30.2752,-57.6007,68.23,87,100,5.1
295,Arrecife,ES,2021-04-24 17:11:33,28.963,-13.5477,77.0,44,20,17.27
296,Bulgan,MN,2021-04-24 17:11:33,48.8125,103.5347,32.27,98,100,3.89
297,San Cristobal,VE,2021-04-24 17:11:34,7.7669,-72.225,87.8,58,40,11.5
298,Carnarvon,AU,2021-04-24 17:11:06,-24.8667,113.6333,64.4,88,0,2.3
299,Ust-Kuyga,RU,2021-04-24 17:11:34,70.0167,135.6,22.01,94,100,10.94
300,Ilulissat,GL,2021-04-24 17:11:34,69.2167,-51.1,39.2,60,75,4.61
301,The Pas,CA,2021-04-24 17:11:35,53.8251,-101.2541,30.2,51,75,5.75
302,Fare,PF,2021-04-24 17:11:35,-16.7,-151.0167,79.88,73,100,7.52
303,Murray Bridge,AU,2021-04-24 17:11:35,-35.1167,139.2667,52.0,93,9,4.25
304,Vila,PT,2021-04-24 17:11:36,42.0304,-8.1588,66.99,58,100,1.99
305,Atar,MR,2021-04-24 17:11:36,20.5169,-13.0499,98.53,8,0,17.2
306,Necochea,AR,2021-04-24 17:11:36,-38.5473,-58.7368,66.0,57,4,11.01
307,Fukue,JP,2021-04-24 17:11:37,32.6881,128.8419,61.52,83,6,12.77
308,Cockburn Town,TC,2021-04-24 17:11:37,21.4612,-71.1419,78.75,75,22,19.55
309,Formosa Do Rio Preto,BR,2021-04-24 17:11:37,-11.0483,-45.1931,82.2,67,55,0.85
310,Nome,US,2021-04-24 17:11:38,64.5011,-165.4064,28.4,80,20,3.06
311,Kadoma,JP,2021-04-24 17:11:38,34.7333,135.5833,62.01,64,38,3.91
312,Pacific Grove,US,2021-04-24 17:06:41,36.6177,-121.9166,55.0,80,100,1.1
313,Baruun-Urt,MN,2021-04-24 17:11:39,46.6806,113.2792,43.92,18,100,10.94
314,Pangnirtung,CA,2021-04-24 17:11:15,66.1451,-65.7125,30.2,80,20,8.05
315,Safaga,EG,2021-04-24 17:11:39,26.7292,33.9365,80.6,29,0,16.11
316,Charters Towers,AU,2021-04-24 17:11:39,-20.1,146.2667,65.59,90,100,10.07
317,Harqalah,TN,2021-04-24 17:11:40,36.0303,10.509,68.0,45,0,12.66
318,Srednekolymsk,RU,2021-04-24 17:11:40,67.45,153.6833,10.76,95,100,8.39
319,Ganzhou,CN,2021-04-24 17:11:41,28.8184,115.4327,62.06,90,100,12.12
320,Avera,US,2021-04-24 17:11:41,33.194,-82.5271,62.6,97,90,9.22
321,Oranjemund,NA,2021-04-24 17:11:41,-28.55,16.4333,60.6,86,6,6.78
322,Mongar,BT,2021-04-24 17:11:41,27.2747,91.2396,56.82,64,49,5.46
323,Magistralnyy,RU,2021-04-24 17:11:42,56.1725,107.4458,32.85,98,100,1.57
324,Leningradskiy,RU,2021-04-24 17:11:42,69.3833,178.4167,18.25,94,100,4.36
325,Nueve De Julio,AR,2021-04-24 17:11:42,-35.4444,-60.8831,73.0,58,0,4.0
326,Santa Isabel Do Rio Negro,BR,2021-04-24 17:11:13,-0.4139,-65.0192,90.93,52,62,5.23
327,Lata,PT,2021-04-24 17:11:43,40.1629,-8.3327,66.0,89,100,7.0
328,Prince Rupert,CA,2021-04-24 17:11:43,54.3161,-130.3201,48.2,76,20,4.61
329,Uvat,RU,2021-04-24 17:11:44,59.1433,68.8953,45.32,52,100,5.14
330,Tonekabon,IR,2021-04-24 17:11:44,36.8163,50.8738,60.8,88,75,2.3
331,Novyy Urgal,RU,2021-04-24 17:11:44,51.0736,132.5642,25.21,61,21,4.23
332,Raton,US,2021-04-24 17:11:45,36.9034,-104.4391,55.4,26,1,14.97
333,Taoudenni,ML,2021-04-24 17:11:45,22.6783,-3.9836,103.57,7,0,14.92
334,Khash,IR,2021-04-24 17:11:45,28.2211,61.2158,75.11,7,12,3.69
335,Sotouboua,TG,2021-04-24 17:11:46,8.5667,0.9833,81.84,59,99,1.34
336,Samarinda,ID,2021-04-24 17:11:46,-0.5,117.15,73.69,88,27,1.92
337,Tocopilla,CL,2021-04-24 17:11:46,-22.092,-70.1979,69.3,62,14,6.08
338,Port Lincoln,AU,2021-04-24 17:11:46,-34.7333,135.8667,58.1,68,3,3.91
339,Mechetinskaya,RU,2021-04-24 17:11:47,46.7713,40.456,47.12,65,3,8.57
340,High Prairie,CA,2021-04-24 17:08:42,55.4334,-116.4858,32.0,55,71,10.36
341,Brokopondo,SR,2021-04-24 17:11:47,4.75,-55.1667,79.7,86,100,6.4
342,Bogorodskoye,RU,2021-04-24 17:11:48,56.55,37.8833,36.25,99,100,9.04
343,Turukhansk,RU,2021-04-24 17:11:48,65.8167,87.9833,33.67,99,98,8.99
344,Nambucca Heads,AU,2021-04-24 17:11:48,-30.65,153.0,53.6,87,53,4.61
345,San Vicente,AR,2021-04-24 17:11:49,-26.6167,-54.1333,61.97,99,100,3.04
346,Filingue,NE,2021-04-24 17:11:49,14.3521,3.3168,105.94,4,20,2.8
347,Mkushi,ZM,2021-04-24 17:11:49,-13.6202,29.3939,66.2,70,87,6.31
348,Zhigansk,RU,2021-04-24 17:11:50,66.7697,123.3711,33.1,98,100,10.42
349,Katsuura,JP,2021-04-24 17:11:50,35.1333,140.3,60.8,67,0,11.5
350,Riyadh,SA,2021-04-24 17:11:09,24.6877,46.7219,95.0,13,0,7.4
351,Mount Gambier,AU,2021-04-24 17:11:51,-37.8333,140.7667,48.2,93,99,2.3
352,Olinda,BR,2021-04-24 17:11:51,-8.0089,-34.8553,82.4,65,40,9.22
353,Itupiranga,BR,2021-04-24 17:11:51,-5.1347,-49.3267,82.4,57,75,2.64
354,Mayo,US,2021-04-24 17:11:52,38.8876,-76.5119,64.0,48,1,10.36
355,Sterling,US,2021-04-24 17:11:52,39.0062,-77.4286,64.99,29,90,10.36
356,Braganca,BR,2021-04-24 17:11:53,-1.0536,-46.7656,82.87,83,99,4.34
357,Nanortalik,GL,2021-04-24 17:11:54,60.1432,-45.2371,41.49,74,99,5.03
358,Berlevag,NO,2021-04-24 17:11:54,70.8578,29.0864,34.79,75,100,16.44
359,Juazeiro,BR,2021-04-24 17:11:55,-9.4117,-40.4986,91.4,49,20,8.05
360,Jurm,AF,2021-04-24 17:11:55,36.8648,70.8342,54.3,44,100,2.68
361,Dunedin,NZ,2021-04-24 17:11:56,-45.8742,170.5036,48.99,79,31,8.99
362,Huntington,US,2021-04-24 17:11:56,38.4193,-82.4452,60.01,54,90,5.75
363,Nelson Bay,AU,2021-04-24 17:11:56,-32.7167,152.15,53.01,100,0,4.61
364,Manokwari,ID,2021-04-24 17:11:57,-0.8667,134.0833,78.71,80,100,2.51
365,Bambous Virieux,MU,2021-04-24 17:11:57,-20.3428,57.7575,80.01,83,75,12.66
366,Hasaki,JP,2021-04-24 17:11:57,35.7333,140.8333,50.0,93,20,5.75
367,Colan,PA,2021-04-24 17:11:57,7.5873,-80.2296,85.48,53,56,11.68
368,Nyurba,RU,2021-04-24 17:11:58,63.2842,118.3319,31.42,92,71,4.09
369,Jumla,NP,2021-04-24 17:11:58,29.2747,82.1838,45.63,73,85,5.08
370,Bundaberg,AU,2021-04-24 17:11:58,-24.85,152.35,62.01,88,0,9.22
371,Miri,MY,2021-04-24 17:11:59,4.4148,114.0089,80.6,89,20,3.44
372,Maceio,BR,2021-04-24 17:09:27,-9.6658,-35.7353,87.8,58,20,10.36
373,Genhe,CN,2021-04-24 17:11:59,50.7833,121.5167,32.56,51,28,2.98
374,Bathsheba,BB,2021-04-24 17:11:59,13.2167,-59.5167,86.0,51,20,20.71
375,Dorverden,DE,2021-04-24 17:12:00,52.85,9.2333,55.0,49,0,14.97
376,Acapulco,MX,2021-04-24 17:12:00,16.8634,-99.8901,86.0,45,75,6.91
377,Maniitsoq,GL,2021-04-24 17:12:01,65.4167,-52.9,38.1,71,0,0.76
378,Geraldton,AU,2021-04-24 17:12:01,-28.7667,114.6,60.8,94,27,4.61
379,Munsingen,DE,2021-04-24 17:12:01,48.4113,9.497,64.4,24,0,8.05
380,Grand Gaube,MU,2021-04-24 17:12:01,-20.0064,57.6608,80.01,81,99,8.99
381,Moen,NO,2021-04-24 17:12:02,69.1304,18.6123,33.8,51,40,9.22
382,San Policarpo,PH,2021-04-24 17:12:02,12.1791,125.5072,77.54,86,93,4.85
383,Sahuaripa,MX,2021-04-24 17:12:02,29.05,-109.2333,79.48,11,4,2.8
384,Sieradz,PL,2021-04-24 17:12:03,51.5958,18.7302,48.0,66,95,5.01
385,Hirara,JP,2021-04-24 17:12:03,24.8,125.2833,71.15,77,100,17.27
386,Carnduff,CA,2021-04-24 17:12:04,49.1667,-101.8009,41.0,32,43,5.99
387,Osypenko,UA,2021-04-24 17:12:04,46.9136,36.8253,54.0,100,80,5.99
388,Tiassale,CI,2021-04-24 17:12:04,5.8983,-4.8283,87.84,66,91,6.51
389,Akyab,MM,2021-04-24 17:12:05,20.15,92.9,82.44,79,42,9.57
390,Reda,PL,2021-04-24 17:12:05,54.6053,18.3472,45.0,38,0,12.66
391,La Grande,US,2021-04-24 17:12:05,45.3246,-118.0877,46.99,82,100,4.03
392,Pyshchug,RU,2021-04-24 17:12:06,58.8873,45.7134,45.84,80,100,10.47
393,Mosquera,CO,2021-04-24 17:11:58,4.7059,-74.2302,69.8,32,40,4.61
394,Touros,BR,2021-04-24 17:12:06,-5.1989,-35.4608,78.8,89,75,14.97
395,Poum,NC,2021-04-24 17:12:06,-20.2333,164.0167,78.24,81,94,13.96
396,Pontianak,ID,2021-04-24 17:10:20,-0.0333,109.3333,77.0,100,45,2.66
397,Elmadag,TR,2021-04-24 17:12:07,39.9208,33.2308,66.2,45,40,6.91
398,Sur,OM,2021-04-24 17:12:07,22.5667,59.5289,87.96,39,3,9.62
399,Tual,ID,2021-04-24 17:12:07,-5.6667,132.75,84.83,67,99,17.0
400,Bilibino,RU,2021-04-24 17:12:08,68.0546,166.4372,21.02,95,100,1.77
401,Bellavista,PE,2021-04-24 17:12:08,-7.0561,-76.5911,89.6,62,40,2.68
402,El Campo,US,2021-04-24 17:12:08,29.1966,-96.2697,82.99,44,1,13.8
403,Sao Joao Da Barra,BR,2021-04-24 17:12:09,-21.6403,-41.0511,86.0,51,20,6.8
404,Bagrami,AF,2021-04-24 17:12:09,34.4938,69.2743,62.6,29,0,3.44
405,Butterworth,MY,2021-04-24 17:12:09,5.3991,100.3638,82.99,78,20,3.44
406,Muravlenko,RU,2021-04-24 17:12:10,63.7898,74.523,33.4,99,100,3.69
407,Mantua,IT,2021-04-24 17:12:10,45.1667,10.7833,70.0,43,1,3.0
408,Nantucket,US,2021-04-24 17:12:10,41.2835,-70.0995,59.0,47,1,17.27
409,Sioni,GE,2021-04-24 17:12:11,41.9895,45.0239,59.0,72,0,6.91
410,Catamarca,AR,2021-04-24 17:12:11,-28.4696,-65.7852,71.01,79,74,1.01
411,Knurow,PL,2021-04-24 17:08:31,50.2197,18.6507,53.01,46,100,5.01
412,Naze,JP,2021-04-24 17:12:12,28.3667,129.4833,64.98,66,93,19.62
413,Ampanihy,MG,2021-04-24 17:12:12,-24.7,44.75,74.39,65,53,6.33
414,Batagay-Alyta,RU,2021-04-24 17:12:12,67.8006,130.4114,17.37,83,100,5.82
415,Nishihara,JP,2021-04-24 17:12:13,26.1842,127.7558,68.0,94,75,9.22
416,Barentu,ER,2021-04-24 17:12:13,15.1139,37.5928,90.28,18,44,5.21
417,Vestmannaeyjar,IS,2021-04-24 17:12:13,63.4427,-20.2734,44.6,87,90,20.71
418,Sasovo,RU,2021-04-24 17:12:14,54.3537,41.9199,41.16,78,100,14.05
419,Saldanha,ZA,2021-04-24 17:12:14,-33.0117,17.9442,66.2,55,91,6.91
420,Yakeshi,CN,2021-04-24 17:12:14,49.2833,120.7333,39.36,36,44,3.87
421,Ambovombe,MG,2021-04-24 17:12:15,-25.1667,46.0833,73.17,76,1,13.85
422,Ilebo,CD,2021-04-24 17:12:15,-4.3167,20.5833,73.31,96,97,2.04
423,Ithaca,US,2021-04-24 17:12:16,42.4406,-76.4966,62.6,29,20,10.36
424,Buala,SB,2021-04-24 17:12:16,-8.145,159.5921,79.5,82,54,1.9
425,Aykhal,RU,2021-04-24 17:12:16,66.0,111.5,19.83,97,88,5.93
426,Palana,RU,2021-04-24 17:12:17,59.1167,159.9667,25.18,97,100,8.75
427,Morgan City,US,2021-04-24 17:12:17,29.6994,-91.2068,82.0,83,90,19.57
428,Winslow,US,2021-04-24 17:07:32,35.0242,-110.6974,68.0,17,1,16.11
429,Arlit,NE,2021-04-24 17:12:17,18.7369,7.3853,104.29,6,8,6.73
430,Yar-Sale,RU,2021-04-24 17:12:18,66.8333,70.8333,29.59,94,97,3.76
431,Huangpi,CN,2021-04-24 17:12:18,30.8845,114.3779,57.2,100,40,6.71
432,Madras,IN,2021-04-24 17:12:18,13.0878,80.2785,84.2,79,40,5.75
433,Tilichiki,RU,2021-04-24 17:12:19,60.4667,166.1,22.57,91,99,5.55
434,Mehriz,IR,2021-04-24 17:12:19,31.5917,54.4318,86.0,15,75,9.22
435,Marsa Matruh,EG,2021-04-24 17:12:19,31.3525,27.2453,71.6,43,0,13.8
436,Bissora,GW,2021-04-24 17:12:20,12.2231,-15.4475,91.4,52,0,11.5
437,Kanbe,MM,2021-04-24 17:12:20,16.7053,96.0017,84.2,84,40,9.22
438,Kaoma,ZM,2021-04-24 17:12:20,-14.7833,24.8,70.56,45,43,4.36
439,Flin Flon,CA,2021-04-24 17:12:21,54.7682,-101.865,28.4,40,40,4.61
440,High Rock,BS,2021-04-24 17:12:21,26.6208,-78.2833,80.6,74,75,18.41
441,Yerbogachen,RU,2021-04-24 17:12:21,61.2767,108.0108,29.05,95,100,2.17
442,Evensk,RU,2021-04-24 17:12:22,61.95,159.2333,16.95,82,100,10.85
443,Guarapuava,BR,2021-04-24 17:12:22,-25.3953,-51.4581,72.97,46,68,6.02
444,Baghdad,IQ,2021-04-24 17:09:53,33.3406,44.4009,84.2,18,0,2.3
445,Myaundzha,RU,2021-04-24 17:12:22,63.0494,147.1858,-10.79,95,30,4.32
446,Tieling,CN,2021-04-24 17:12:23,42.2931,123.8414,48.99,1,3,5.77
447,Petropavlovsk-Kamchatskiy,RU,2021-04-24 17:12:04,53.0452,158.6483,33.8,100,90,4.47
448,Ankara,TR,2021-04-24 17:12:23,39.9199,32.8543,66.2,42,75,2.3
449,Barcelos,PT,2021-04-24 17:08:10,41.5388,-8.6151,66.99,94,75,8.05
450,Lethem,GY,2021-04-24 17:12:24,3.3803,-59.7968,92.5,44,96,9.98
451,Pevek,RU,2021-04-24 17:12:24,69.7008,170.3133,15.49,90,100,2.75
452,Westport,US,2021-04-24 17:12:24,41.1415,-73.3579,66.0,34,1,14.97
453,Laguna,US,2021-04-24 17:12:24,38.421,-121.4238,59.0,62,1,5.75
454,Sainte-Thecle,CA,2021-04-24 17:12:25,46.8168,-72.4991,68.0,31,42,8.05
455,High Level,CA,2021-04-24 17:08:33,58.5169,-117.136,32.0,47,20,6.46
456,Leopold,AU,2021-04-24 17:12:25,-38.1833,144.4667,50.0,93,40,8.05
457,Kavieng,PG,2021-04-24 17:12:26,-2.5744,150.7967,81.01,78,49,6.67
458,Sao Felix Do Xingu,BR,2021-04-24 17:12:26,-6.6447,-51.995,86.58,66,86,1.01
459,Gizo,SB,2021-04-24 17:12:26,-8.103,156.8419,81.43,78,66,6.13
460,Abu Samrah,SY,2021-04-24 17:12:27,35.3029,37.1841,76.86,32,58,11.1
461,Belyy Yar,RU,2021-04-24 17:12:27,53.6039,91.3903,30.2,59,0,4.47
462,Port Macquarie,AU,2021-04-24 17:12:27,-31.4333,152.9167,53.01,92,14,1.99
463,Saurimo,AO,2021-04-24 17:12:27,-9.6608,20.3916,66.58,89,88,3.51
464,Cairo,EG,2021-04-24 17:07:55,30.0626,31.2497,78.8,29,0,13.8
465,Angoche,MZ,2021-04-24 17:12:28,-16.2325,39.9086,76.28,79,33,7.05
466,Bosaso,SO,2021-04-24 17:12:28,11.2842,49.1816,85.19,66,80,4.03
467,Araouane,ML,2021-04-24 17:12:29,18.9048,-3.5265,104.54,6,0,4.38
468,Biak,ID,2021-04-24 17:12:29,-0.9131,122.8766,77.34,76,78,5.14
469,Carutapera,BR,2021-04-24 17:12:29,-1.195,-46.02,83.41,79,95,5.84
470,Talnakh,RU,2021-04-24 17:12:30,69.4865,88.3972,32.58,98,100,13.0
471,Kununurra,AU,2021-04-24 17:12:30,-15.7667,128.7333,73.4,35,10,6.91
472,Panama City,PA,2021-04-24 17:12:08,8.9936,-79.5197,90.0,62,40,5.75
473,Bien Hoa,VN,2021-04-24 17:12:31,10.95,106.8167,82.4,83,40,3.44
474,Miranda De Ebro,ES,2021-04-24 17:12:31,42.6865,-2.947,66.2,42,40,9.22
475,Barpathar,IN,2021-04-24 17:12:31,26.3,93.8667,77.38,27,26,2.53
476,Ahipara,NZ,2021-04-24 17:12:31,-35.1667,173.1667,59.23,85,76,8.7
477,Hamilton,US,2021-04-24 17:10:41,39.1834,-84.5333,54.0,66,90,3.44
478,Dingle,PH,2021-04-24 17:12:32,10.9995,122.6711,76.64,83,82,2.13
479,Saint-Georges,GD,2021-04-24 17:12:32,12.0564,-61.7485,86.0,66,40,21.85
480,El Copey,CO,2021-04-24 17:12:33,10.1503,-73.9614,95.0,54,43,1.99
481,Sidi Ali,DZ,2021-04-24 17:12:33,36.0998,0.4206,74.64,48,77,19.93
482,Riverton,US,2021-04-24 17:12:33,40.5219,-111.9391,61.0,35,1,21.85
483,Sao Miguel Do Araguaia,BR,2021-04-24 17:12:34,-13.275,-50.1628,88.81,43,4,2.82
484,Udachnyy,RU,2021-04-24 17:12:34,66.4167,112.4,23.63,95,96,4.83
485,Bentiu,SS,2021-04-24 17:12:34,9.2333,29.8333,80.8,55,84,5.99
486,Mandalgovi,MN,2021-04-24 17:08:06,45.7625,106.2708,48.04,80,100,4.61
487,Banda Aceh,ID,2021-04-24 17:12:35,5.5577,95.3222,80.26,75,100,10.54
488,Lugus,PH,2021-04-24 17:12:35,5.7036,120.8203,82.56,71,49,1.54
489,Kavaratti,IN,2021-04-24 17:12:35,10.5669,72.642,84.67,72,11,7.67
490,Clinton,US,2021-04-24 17:10:04,42.587,-82.9199,63.0,51,75,9.22
491,Correntina,BR,2021-04-24 17:12:36,-13.3433,-44.6367,93.33,31,23,2.84
492,Azul,AR,2021-04-24 17:12:36,-36.777,-59.8585,65.28,54,1,14.05
493,Kabare,CD,2021-04-24 17:12:37,-2.4683,28.8242,62.8,94,88,1.59
494,Hami,CN,2021-04-24 17:12:37,42.8,93.45,52.0,19,32,4.18
495,Monrovia,LR,2021-04-24 17:12:37,6.3005,-10.7969,89.6,66,75,9.22
496,Sorkjosen,NO,2021-04-24 17:12:38,69.8,20.9333,30.87,78,100,13.69
497,Nongan,CN,2021-04-24 17:12:38,44.382,125.1685,37.4,41,0,2.24
498,Marzuq,YE,2021-04-24 17:12:38,14.4,46.4667,74.01,63,19,11.07
499,Fairbanks,US,2021-04-24 17:12:39,64.8378,-147.7164,41.0,52,1,6.91
500,Marsh Harbour,BS,2021-04-24 17:12:39,26.5412,-77.0636,76.28,70,100,16.15
501,Calama,CL,2021-04-24 17:12:39,-22.4667,-68.9333,64.4,36,40,21.85
502,Mala Vyska,UA,2021-04-24 17:12:39,48.6431,31.6366,40.5,60,65,6.85
503,Lagos,NG,2021-04-24 17:11:21,6.5833,3.75,86.0,74,40,16.11
504,Si Chiang Mai,TH,2021-04-24 17:12:40,17.9564,102.5867,93.0,62,87,5.82
505,Izumo,JP,2021-04-24 17:12:40,35.3667,132.7667,53.6,94,75,1.14
506,Moree,AU,2021-04-24 17:12:41,-29.4667,149.85,46.4,76,43,5.75
507,Pervomayskoye,RU,2021-04-24 17:12:41,43.919,46.7102,54.34,68,69,8.25
508,General Roca,AR,2021-04-24 17:12:41,-39.0333,-67.5833,64.4,52,0,4.61
509,Sobolevo,RU,2021-04-24 17:12:42,54.4299,31.8996,37.11,69,99,10.42
510,Namatanai,PG,2021-04-24 17:12:42,-3.6667,152.4333,78.35,80,49,5.41
511,Port Hedland,AU,2021-04-24 17:12:42,-20.3167,118.5667,69.8,64,0,9.22
512,Qaqortoq,GL,2021-04-24 17:12:43,60.7167,-46.0333,59.0,29,75,25.32
513,Port Shepstone,ZA,2021-04-24 17:12:43,-30.7414,30.455,69.78,83,15,12.03
514,Hailey,US,2021-04-24 17:12:43,43.5196,-114.3153,46.4,61,90,4.61
515,Tanout,NE,2021-04-24 17:12:44,14.9709,8.8879,101.17,9,59,8.16
516,Pemangkat,ID,2021-04-24 17:12:44,1.1667,108.9667,79.65,80,58,4.7
517,Amparafaravola,MG,2021-04-24 17:12:45,-17.5833,48.2167,64.15,94,88,5.66
518,Yanam,IN,2021-04-24 17:12:45,16.7333,82.2167,81.0,83,45,3.42
519,Salym,RU,2021-04-24 17:12:45,60.0625,71.4789,40.15,77,94,4.43
520,Jacareacanga,BR,2021-04-24 17:12:45,-6.2222,-57.7528,93.34,44,80,3.69
521,Hastings,GB,2021-04-24 17:12:46,50.8552,0.5729,53.6,58,20,18.41
522,Jiangyou,CN,2021-04-24 17:12:46,31.7667,104.7167,63.01,73,100,2.62
523,Tabou,CI,2021-04-24 17:12:46,4.423,-7.3528,85.05,74,86,11.43
524,Prainha,BR,2021-04-24 17:12:47,-1.8,-53.48,88.0,59,50,3.18
525,Maldonado,UY,2021-04-24 17:12:47,-34.6667,-54.9167,68.0,88,90,10.36
526,Koumac,NC,2021-04-24 17:12:47,-20.5667,164.2833,75.47,88,88,11.65
527,Diego De Almagro,CL,2021-04-24 17:12:48,-26.3667,-70.05,71.92,28,0,8.63
528,Srandakan,ID,2021-04-24 17:12:48,-7.9386,110.2506,76.14,82,14,3.6
529,Valley City,US,2021-04-24 17:12:48,46.9233,-98.0032,37.4,25,1,8.05
530,Liverpool,GB,2021-04-24 17:09:47,53.4106,-2.9779,66.2,39,60,8.05
531,Camacari,BR,2021-04-24 17:12:49,-12.6975,-38.3242,84.2,70,40,10.36
532,Mabaruma,GY,2021-04-24 17:12:49,8.2,-59.7833,83.61,68,60,8.3
533,Chinsali,ZM,2021-04-24 17:12:50,-10.5414,32.0816,62.98,92,50,6.02
534,Igunga,TZ,2021-04-24 17:12:50,-4.2833,33.8833,72.59,68,79,7.07
535,Mackay,AU,2021-04-24 17:12:50,-21.15,149.2,68.0,94,90,6.91
536,Ugoofaaru,MV,2021-04-24 17:12:51,5.6667,73.0,84.07,71,12,5.26
537,Broome,US,2021-04-24 17:12:51,42.2506,-75.833,64.0,29,40,8.05
538,Cimislia,MD,2021-04-24 17:12:51,46.52,28.7842,51.8,40,0,3.44
539,Olga,RU,2021-04-24 17:12:52,43.7444,135.2892,36.48,64,7,5.48
540,Aksu,CN,2021-04-24 17:12:52,41.1231,80.2644,58.35,27,36,5.75
541,Ulladulla,AU,2021-04-24 17:12:52,-35.35,150.4667,52.0,76,37,8.05
542,Skibbereen,IE,2021-04-24 17:12:53,51.55,-9.2667,55.4,54,0,19.57
543,Coruripe,BR,2021-04-24 17:12:53,-10.1256,-36.1756,84.27,64,37,11.14
544,Murgab,TM,2021-04-24 17:12:53,37.4966,61.9714,71.6,37,90,4.61
545,Samarai,PG,2021-04-24 17:12:54,-10.6167,150.6667,81.86,80,100,14.07
546,Ponoka,CA,2021-04-24 17:12:54,52.6768,-113.5815,33.8,44,35,6.91
547,Morondava,MG,2021-04-24 17:12:54,-20.2833,44.2833,80.31,74,2,11.52
548,Burnie,AU,2021-04-24 17:12:55,-41.0667,145.9167,48.0,86,73,3.0
549,Foz,ES,2021-04-24 17:12:55,43.5692,-7.2544,70.0,50,100,5.99
550,Sukaraja,ID,2021-04-24 17:12:55,-7.4519,108.1944,72.52,95,83,0.96
551,Trincomalee,LK,2021-04-24 17:12:56,8.5711,81.2335,83.46,74,11,9.4
552,Eucaliptus,BO,2021-04-24 17:12:56,-17.5833,-67.5167,57.2,35,20,11.5
553,Lesnyye Polyany,RU,2021-04-24 17:12:56,55.9667,37.8667,41.0,87,90,13.42
554,Susanville,US,2021-04-24 17:12:56,40.4163,-120.653,46.4,57,90,8.05
